<?xml version="1.0" encoding="UTF-8"?>
<project-private xmlns="http://www.netbeans.org/ns/project-private/1">
    <editor-bookmarks xmlns="http://www.netbeans.org/ns/editor-bookmarks/2" lastBookmarkId="0"/>
    <open-files xmlns="http://www.netbeans.org/ns/projectui-open-files/2">
        <group>
            <file>file:/Users/riyamoitra/Desktop/Team28_Final/Team-28/HealthcareManagementPortal/src/UserInterface/Ambulance/CreateAmbulanceJPanel.java</file>
            <file>file:/Users/riyamoitra/Desktop/Team28_Final/Team-28/HealthcareManagementPortal/src/UserInterface/HospitalAdmin/HospitalInfoJPanel.java</file>
            <file>file:/Users/riyamoitra/Desktop/Team28_Final/Team-28/HealthcareManagementPortal/src/Business/Role/LabRole.java</file>
            <file>file:/Users/riyamoitra/Desktop/Team28_Final/Team-28/HealthcareManagementPortal/src/Business/WorkQueue/LabTestRequest.java</file>
            <file>file:/Users/riyamoitra/Desktop/Team28_Final/Team-28/HealthcareManagementPortal/src/Business/Role/PatientRole.java</file>
            <file>file:/Users/riyamoitra/Desktop/Team28_Final/Team-28/HealthcareManagementPortal/src/Business/UserAccount/UserAccount.java</file>
            <file>file:/Users/riyamoitra/Desktop/Team28_Final/Team-28/HealthcareManagementPortal/src/Business/WorkQueue/PharmacyRequest.java</file>
            <file>file:/Users/riyamoitra/Desktop/Team28_Final/Team-28/HealthcareManagementPortal/src/UserInterface/Ambulance/AmbulanceWorkAreaJPanel.java</file>
            <file>file:/Users/riyamoitra/Desktop/Team28_Final/Team-28/HealthcareManagementPortal/src/Business/HealthCarePortal.java</file>
            <file>file:/Users/riyamoitra/Desktop/Team28_Final/Team-28/HealthcareManagementPortal/src/Business/Doctor/Doctor.java</file>
            <file>file:/Users/riyamoitra/Desktop/Team28_Final/Team-28/HealthcareManagementPortal/src/Business/Lab/LabDirectory.java</file>
            <file>file:/Users/riyamoitra/Desktop/Team28_Final/Team-28/HealthcareManagementPortal/src/UserInterface/Patient/WelcomePatientJPanel.java</file>
            <file>file:/Users/riyamoitra/Desktop/Team28_Final/Team-28/HealthcareManagementPortal/src/UserInterface/Ambulance/PastRideJPanel.java</file>
            <file>file:/Users/riyamoitra/Desktop/Team28_Final/Team-28/HealthcareManagementPortal/src/UserInterface/SystemAdmin/LabInfo1Jpanel.java</file>
            <file>file:/Users/riyamoitra/Desktop/Team28_Final/Team-28/HealthcareManagementPortal/src/UserInterface/Ambulance/RideRequestJPanel.java</file>
            <file>file:/Users/riyamoitra/Desktop/Team28_Final/Team-28/HealthcareManagementPortal/src/UserInterface/Physician/PhysicianInfoJPanel.java</file>
            <file>file:/Users/riyamoitra/Desktop/Team28_Final/Team-28/HealthcareManagementPortal/src/UserInterface/Pharmacy/PastPrescriptionsJPanel.java</file>
            <file>file:/Users/riyamoitra/Desktop/Team28_Final/Team-28/HealthcareManagementPortal/src/UserInterface/Lab/LabInfoJpanel.java</file>
            <file>file:/Users/riyamoitra/Desktop/Team28_Final/Team-28/HealthcareManagementPortal/src/UserInterface/MainJFrame.java</file>
            <file>file:/Users/riyamoitra/Desktop/Team28_Final/Team-28/HealthcareManagementPortal/src/Business/Patient/PatientDetails.java</file>
            <file>file:/Users/riyamoitra/Desktop/Team28_Final/Team-28/HealthcareManagementPortal/src/UserInterface/Ambulance/AmbulanceInfoJPanel.java</file>
            <file>file:/Users/riyamoitra/Desktop/Team28_Final/Team-28/HealthcareManagementPortal/src/Business/Ambulance/AmbulanceFleet.java</file>
            <file>file:/Users/riyamoitra/Desktop/Team28_Final/Team-28/HealthcareManagementPortal/src/UserInterface/Patient/PatientAppointmentsJPanel.java</file>
            <file>file:/Users/riyamoitra/Desktop/Team28_Final/Team-28/HealthcareManagementPortal/src/UserInterface/Physician/WelcomePhysicianJPanel.java</file>
            <file>file:/Users/riyamoitra/Desktop/Team28_Final/Team-28/HealthcareManagementPortal/src/UserInterface/Patient/PatientInfoJPanel.java</file>
            <file>file:/Users/riyamoitra/Desktop/Team28_Final/Team-28/HealthcareManagementPortal/src/UserInterface/HospitalAdmin/HospitalWorkAreaJPanel.java</file>
            <file>file:/Users/riyamoitra/Desktop/Team28_Final/Team-28/HealthcareManagementPortal/src/UserInterface/Physician/PhysicianAppointmentsJPanel.java</file>
            <file>file:/Users/riyamoitra/Desktop/Team28_Final/Team-28/HealthcareManagementPortal/src/UserInterface/Patient/PatientDetailsJPanel.java</file>
            <file>file:/Users/riyamoitra/Desktop/Team28_Final/Team-28/HealthcareManagementPortal/src/Business/WorkQueue/WorkRequest.java</file>
            <file>file:/Users/riyamoitra/Desktop/Team28_Final/Team-28/HealthcareManagementPortal/src/UserInterface/Lab/CompletedTestJPanel.java</file>
            <file>file:/Users/riyamoitra/Desktop/Team28_Final/Team-28/HealthcareManagementPortal/src/UserInterface/Lab/CreateLabJPanel.java</file>
            <file>file:/Users/riyamoitra/Desktop/Team28_Final/Team-28/HealthcareManagementPortal/src/UserInterface/SystemAdmin/SystemAdminAmbulanceJPanel.java</file>
            <file>file:/Users/riyamoitra/Desktop/Team28_Final/Team-28/HealthcareManagementPortal/src/Business/Patient/Patient.java</file>
            <file>file:/Users/riyamoitra/Desktop/Team28_Final/Team-28/HealthcareManagementPortal/src/UserInterface/Physician/CreateLabTestRequestJPanel.java</file>
            <file>file:/Users/riyamoitra/Desktop/Team28_Final/Team-28/HealthcareManagementPortal/src/UserInterface/HospitalAdmin/ManagePhysicianJPanel.java</file>
            <file>file:/Users/riyamoitra/Desktop/Team28_Final/Team-28/HealthcareManagementPortal/src/UserInterface/Physician/PhysicianPendingAppointmentsJPanel.java</file>
            <file>file:/Users/riyamoitra/Desktop/Team28_Final/Team-28/HealthcareManagementPortal/src/UserInterface/Lab/TestResultJPanel.java</file>
            <file>file:/Users/riyamoitra/Desktop/Team28_Final/Team-28/HealthcareManagementPortal/src/UserInterface/HospitalAdmin/HospitalManageDepartmentJPanel.java</file>
            <file>file:/Users/riyamoitra/Desktop/Team28_Final/Team-28/HealthcareManagementPortal/src/UserInterface/Physician/PhysicianUpcomingAppointmentsJPanel.java</file>
            <file>file:/Users/riyamoitra/Desktop/Team28_Final/Team-28/HealthcareManagementPortal/src/Business/Role/AmbulanceRole.java</file>
            <file>file:/Users/riyamoitra/Desktop/Team28_Final/Team-28/HealthcareManagementPortal/src/UserInterface/Lab/LabWorkArea.java</file>
            <file>file:/Users/riyamoitra/Desktop/Team28_Final/Team-28/HealthcareManagementPortal/src/Business/Ecosystem.java</file>
            <file>file:/Users/riyamoitra/Desktop/Team28_Final/Team-28/HealthcareManagementPortal/src/UserInterface/Lab/PendingTestsJPanel.java</file>
            <file>file:/Users/riyamoitra/Desktop/Team28_Final/Team-28/HealthcareManagementPortal/src/UserInterface/SystemAdmin/CreatePatientJPanel.java</file>
            <file>file:/Users/riyamoitra/Desktop/Team28_Final/Team-28/HealthcareManagementPortal/src/UserInterface/Patient/PatientUpcomingAppointmentsJPanel.java</file>
            <file>file:/Users/riyamoitra/Desktop/Team28_Final/Team-28/HealthcareManagementPortal/src/UserInterface/Physician/PhysicianPatientMedicationsJPanel1.java</file>
            <file>file:/Users/riyamoitra/Desktop/Team28_Final/Team-28/HealthcareManagementPortal/src/UserInterface/SystemAdmin/SystemAdminPatientPortalJPanel.java</file>
            <file>file:/Users/riyamoitra/Desktop/Team28_Final/Team-28/HealthcareManagementPortal/src/UserInterface/Patient/PatientScheduleAppointmentJPanel.java</file>
            <file>file:/Users/riyamoitra/Desktop/Team28_Final/Team-28/HealthcareManagementPortal/src/UserInterface/Lab/LabTestRequestJPanel.java</file>
            <file>file:/Users/riyamoitra/Desktop/Team28_Final/Team-28/HealthcareManagementPortal/src/UserInterface/Pharmacy/PharmacyInfoJPanel.java</file>
            <file>file:/Users/riyamoitra/Desktop/Team28_Final/Team-28/HealthcareManagementPortal/src/Business/Ambulance/Ambulance.java</file>
            <file>file:/Users/riyamoitra/Desktop/Team28_Final/Team-28/HealthcareManagementPortal/src/Business/Lab/Lab.java</file>
            <file>file:/Users/riyamoitra/Desktop/Team28_Final/Team-28/HealthcareManagementPortal/src/UserInterface/SystemAdmin/SystemAdminLabJPanel.java</file>
            <file>file:/Users/riyamoitra/Desktop/Team28_Final/Team-28/HealthcareManagementPortal/src/UserInterface/SystemAdmin/CreateHospitalJPanel.java</file>
            <file>file:/Users/riyamoitra/Desktop/Team28_Final/Team-28/HealthcareManagementPortal/src/UserInterface/Physician/CreatePrescriptionJPanel.java</file>
            <file>file:/Users/riyamoitra/Desktop/Team28_Final/Team-28/HealthcareManagementPortal/src/UserInterface/Physician/CreatePhysicianJPanel.java</file>
            <file>file:/Users/riyamoitra/Desktop/Team28_Final/Team-28/HealthcareManagementPortal/src/Business/Hospital/Hospital.java</file>
            <file>file:/Users/riyamoitra/Desktop/Team28_Final/Team-28/HealthcareManagementPortal/src/UserInterface/SystemAdmin/SystemAdminPortalJPanel.java</file>
            <file>file:/Users/riyamoitra/Desktop/Team28_Final/Team-28/HealthcareManagementPortal/src/UserInterface/HospitalAdmin/CreateDepartmentJPanel.java</file>
            <file>file:/Users/riyamoitra/Desktop/Team28_Final/Team-28/HealthcareManagementPortal/src/Business/WorkQueue/PhysicianRequest.java</file>
            <file>file:/Users/riyamoitra/Desktop/Team28_Final/Team-28/HealthcareManagementPortal/src/Business/Patient/PatientDirectory.java</file>
            <file>file:/Users/riyamoitra/Desktop/Team28_Final/Team-28/HealthcareManagementPortal/src/UserInterface/Pharmacy/PendingPrescriptionsJPanel.java</file>
            <file>file:/Users/riyamoitra/Desktop/Team28_Final/Team-28/HealthcareManagementPortal/src/UserInterface/Physician/SearchPatientJPanel.java</file>
        </group>
    </open-files>
</project-private>
